"","CODON","AA","L","freq","num_alt","best","best_freq","worst","worst_freq","close","close_freq"
"1","aaa","Lys","K",30.8,2,"aag",32.7,"aag",32.7,"aag",32.7
"2","aac","Asn","N",20.9,2,"aat",22.3,"aat",22.3,"aat",22.3
"3","aag","Lys","K",32.7,2,"aaa",30.8,"aaa",30.8,"aaa",30.8
"4","aat","Asn","N",22.3,2,"aac",20.9,"aac",20.9,"aac",20.9
"5","aca","Thr","T",15.7,4,"act",17.6,"acg",7.7,"act",17.6
"6","acc","Thr","T",10.3,4,"act",17.6,"acg",7.7,"acg",7.7
"7","acg","Thr","T",7.7,4,"act",17.6,"acc",10.3,"acc",10.3
"8","act","Thr","T",17.6,4,"aca",15.7,"acg",7.7,"aca",15.7
"9","aga","Arg","R",19,6,"agg",11,"cgc",3.8,"agg",11
"10","agc","Ser","S",11.3,6,"tct",25.2,"tcg",9.3,"tcc",11.2
"11","agg","Arg","R",11,6,"aga",19,"cgc",3.8,"cgt",9
"12","agt","Ser","S",14,6,"tct",25.2,"tcg",9.3,"agc",11.3
"13","ata","Ile","I",12.6,3,"att",21.5,"atc",18.5,"atc",18.5
"14","atc","Ile","I",18.5,3,"att",21.5,"ata",12.6,"att",21.5
"15","atg","Met","M",24.5,1,"atg",24.5,"atg",24.5,"atg",24.5
"16","att","Ile","I",21.5,3,"atc",18.5,"ata",12.6,"atc",18.5
"17","caa","Gln","Q",19.4,2,"cag",15.2,"cag",15.2,"cag",15.2
"18","cac","His","H",8.7,2,"cat",13.8,"cat",13.8,"cat",13.8
"19","cag","Gln","Q",15.2,2,"caa",19.4,"caa",19.4,"caa",19.4
"20","cat","His","H",13.8,2,"cac",8.7,"cac",8.7,"cac",8.7
"21","cca","Pro","P",16.2,4,"cct",18.7,"ccc",5.3,"cct",18.7
"22","ccc","Pro","P",5.3,4,"cct",18.7,"ccg",8.6,"ccg",8.6
"23","ccg","Pro","P",8.6,4,"cct",18.7,"ccc",5.3,"ccc",5.3
"24","cct","Pro","P",18.7,4,"cca",16.2,"ccc",5.3,"cca",16.2
"25","cga","Arg","R",6.3,6,"aga",19,"cgc",3.8,"cgg",4.9
"26","cgc","Arg","R",3.8,6,"aga",19,"cgg",4.9,"cgg",4.9
"27","cgg","Arg","R",4.9,6,"aga",19,"cgc",3.8,"cgc",3.8
"28","cgt","Arg","R",9,6,"aga",19,"cgc",3.8,"agg",11
"29","cta","Leu","L",9.9,6,"ctt",24.1,"ctg",9.8,"ctg",9.8
"30","ctc","Leu","L",16.1,6,"ctt",24.1,"ctg",9.8,"tta",12.7
"31","ctg","Leu","L",9.8,6,"ctt",24.1,"cta",9.9,"cta",9.9
"32","ctt","Leu","L",24.1,6,"ttg",20.8,"ctg",9.8,"ttg",20.8
"33","gaa","Glu","E",34.3,2,"gag",32.2,"gag",32.2,"gag",32.2
"34","gac","Asp","D",17.2,2,"gat",36.6,"gat",36.6,"gat",36.6
"35","gag","Glu","E",32.2,2,"gaa",34.3,"gaa",34.3,"gaa",34.3
"36","gat","Asp","D",36.6,2,"gac",17.2,"gac",17.2,"gac",17.2
"37","gca","Ala","A",17.5,4,"gct",28.3,"gcg",9.1,"gcc",10.4
"38","gcc","Ala","A",10.4,4,"gct",28.3,"gcg",9.1,"gcg",9.1
"39","gcg","Ala","A",9.1,4,"gct",28.3,"gcc",10.4,"gcc",10.4
"40","gct","Ala","A",28.3,4,"gca",17.5,"gcg",9.1,"gca",17.5
"41","gga","Gly","G",24.2,4,"ggt",22.2,"ggc",9.2,"ggt",22.2
"42","ggc","Gly","G",9.2,4,"gga",24.2,"ggg",10.2,"ggg",10.2
"43","ggg","Gly","G",10.2,4,"gga",24.2,"ggc",9.2,"ggc",9.2
"44","ggt","Gly","G",22.2,4,"gga",24.2,"ggc",9.2,"gga",24.2
"45","gta","Val","V",10,4,"gtt",27.2,"gtc",12.8,"gtc",12.8
"46","gtc","Val","V",12.8,4,"gtt",27.2,"gta",10,"gta",10
"47","gtg","Val","V",17.4,4,"gtt",27.2,"gta",10,"gtc",12.8
"48","gtt","Val","V",27.2,4,"gtg",17.4,"gta",10,"gtg",17.4
"49","taa","Stp","*",0.9,3,"tga",1.2,"tag",0.5,"tga",1.2
"50","tac","Tyr","Y",13.7,2,"tat",14.6,"tat",14.6,"tat",14.6
"51","tag","Stp","*",0.5,3,"tga",1.2,"taa",0.9,"taa",0.9
"52","tat","Tyr","Y",14.6,2,"tac",13.7,"tac",13.7,"tac",13.7
"53","tca","Ser","S",18.3,6,"tct",25.2,"tcg",9.3,"agt",14
"54","tcc","Ser","S",11.2,6,"tct",25.2,"tcg",9.3,"agc",11.3
"55","tcg","Ser","S",9.3,6,"tct",25.2,"tcc",11.2,"tcc",11.2
"56","tct","Ser","S",25.2,6,"tca",18.3,"tcg",9.3,"tca",18.3
"57","tga","Stp","*",1.2,3,"taa",0.9,"tag",0.5,"taa",0.9
"58","tgc","Cys","C",7.2,2,"tgt",10.5,"tgt",10.5,"tgt",10.5
"59","tgg","Trp","W",12.5,1,"tgg",12.5,"tgg",12.5,"tgg",12.5
"60","tgt","Cys","C",10.5,2,"tgc",7.2,"tgc",7.2,"tgc",7.2
"61","tta","Leu","L",12.7,6,"ctt",24.1,"ctg",9.8,"cta",9.9
"62","ttc","Phe","F",20.7,2,"ttt",21.8,"ttt",21.8,"ttt",21.8
"63","ttg","Leu","L",20.8,6,"ctt",24.1,"ctg",9.8,"ctt",24.1
"64","ttt","Phe","F",21.8,2,"ttc",20.7,"ttc",20.7,"ttc",20.7
